"Classical"	"Basal"	"Exo"	"hgnc_symbol"
"CFTR"	-0.354398935121069	-1.60656099455994	1.04811939151988	"CFTR"
"AOC1"	2.20673694970765	-0.91920109182904	-2.09039616478637	"AOC1"
"SLC7A2"	-1.1682589262318	1.39986027671569	-0.183751312541	"SLC7A2"
"PRKAR2B"	-0.723110867533688	0.602294739865659	0.208238759941117	"PRKAR2B"
"ITGA3"	-0.456939075005916	2.36224188809006	-2.27652508871633	"ITGA3"
"USH1C"	1.76266027620653	-0.536732908377079	-1.73636078991502	"USH1C"
"DNAH9"	-0.308033374424881	0.440376837073891	-0.0045862160292466	"DNAH9"
"IYD"	2.74407649700434	-1.95175183378825	-2.22591456191401	"IYD"
"ANLN"	-0.634576805628807	2.43814126165519	-2.09854218703638	"ANLN"
"ANGEL1"	-0.0125196501184747	0.863506911500155	-0.681481165898237	"ANGEL1"
"MTMR11"	1.92647786552988	-0.267661983397446	-2.27885793909567	"MTMR11"
"ZNF582"	0.085051599764072	0.661380831747885	-0.523088035497648	"ZNF582"
"VSIG2"	1.97771436276522	-0.385046483445946	-2.22932943907706	"VSIG2"
"ARNTL2"	-0.528770616217571	2.36411637353218	-2.12953235061265	"ARNTL2"
"C6"	-1.07422423530109	-1.3672359473975	1.58458277627847	"C6"
"LMO3"	-0.0563594933171962	-0.159147285996737	0.133797709246488	"LMO3"
"KIAA2022"	-0.892498286334334	0.847531529237949	0.169562555805945	"KIAA2022"
"FAM160A2"	1.12191190370863	0.269038288128064	-1.54793450954555	"FAM160A2"
"DCBLD2"	-1.51446982658565	2.73212621530106	-1.54081875310301	"DCBLD2"
"LAMC2"	-0.898604275445718	2.69524690898157	-2.21210505529273	"LAMC2"
"SLC6A16"	-0.270861836983029	0.596066812046468	-0.141386091911188	"SLC6A16"
"BCAS1"	2.14143932372184	-0.723943518000373	-2.15696575371416	"BCAS1"
"CTNNA2"	-0.699838881506395	1.26269677223199	-0.301278799765693	"CTNNA2"
"CLDN18"	3.19294185929699	-1.55218338206095	-3.18825303975492	"CLDN18"
"MSANTD3"	-0.189106342682851	1.70453154105521	-1.48740104467436	"MSANTD3"
"PRR11"	-0.556143126409047	2.28112058753036	-1.87044619287044	"PRR11"
"PLA2G10"	2.73185525145723	-1.33691432841894	-2.537495330264	"PLA2G10"
"NDST1"	-0.471112993377111	1.40066895138763	-0.78112757411255	"NDST1"
"TRIP13"	-0.368360620988969	2.25720120724697	-2.09509263356568	"TRIP13"
"GSDMB"	1.64310821863158	0.144460580582659	-2.29066866977949	"GSDMB"
"ATP2A3"	1.20500113283196	-0.763429361253153	-0.853103838913709	"ATP2A3"
"ENO1"	-0.291639963725314	1.90725954407026	-1.69086990301691	"ENO1"
"ACAT1"	-0.262659387258659	0.87310243456091	-0.432868042071034	"ACAT1"
"CELSR1"	-0.397657859053961	2.0858784532036	-1.82864357589191	"CELSR1"
"FSCN1"	-0.535385221854064	2.3708511549243	-2.14983056012522	"FSCN1"
"CTTNBP2"	-0.216262695116822	-0.0291152327644553	0.207010394768613	"CTTNBP2"
"CAPN6"	1.07769915605682	-1.64219334860877	-0.378378273289663	"CAPN6"
"DNM2"	0.986311702492935	0.607437629863233	-1.75071700374923	"DNM2"
"SLC4A4"	-0.383038834480732	-1.63132510535558	1.08006476854381	"SLC4A4"
"SMARCD3"	-0.184251389039121	0.608673261760875	-0.275657568446048	"SMARCD3"
"PLOD1"	-0.596061173567003	2.15821592956822	-1.67386337919792	"PLOD1"
"KIAA1467"	-0.639951952278138	1.8845653806391	-1.13903196489325	"KIAA1467"
"HSD17B2"	1.72662593342122	-0.954421109821772	-1.39285915427821	"HSD17B2"
"F11"	-0.750437917525397	-1.20043628099581	1.17711514762254	"F11"
"LYZ"	2.04627801577972	-1.86987812355559	-1.36510713178067	"LYZ"
"CERS4"	-0.475375992587684	0.473696473051562	0.100142690604094	"CERS4"
"NRCAM"	-0.747255298230764	0.398868705985888	0.380404433554877	"NRCAM"
"ABCC6"	0.815520382694896	-0.746175478441465	-0.457411728454071	"ABCC6"
"CPA1"	-4.65649519030122	-3.55125625105382	4.87942772004089	"CPA1"
"MYH7"	-2.43069166861266	1.16555207058868	0.729197149078125	"MYH7"
"EPB41L4B"	0.811568945120644	-0.295808166955579	-0.669891278258068	"EPB41L4B"
"TBC1D2"	-0.16794286060931	2.05889358139268	-2.15214735969159	"TBC1D2"
"SEMA4G"	1.89370895796008	-0.648436545510103	-1.83624817107752	"SEMA4G"
"BLNK"	1.58551016104069	-0.675580076456075	-1.38376902390848	"BLNK"
"EFNA2"	2.79712366341862	-1.19482412824878	-2.69355312451396	"EFNA2"
"CDHR5"	2.36821494836486	-0.907962702750397	-2.35811404874508	"CDHR5"
"CECR2"	-0.299447028453009	0.771923797043819	-0.195271288806918	"CECR2"
"SLC7A4"	1.89684315980831	-0.307099771622059	-2.10742808219064	"SLC7A4"
"LGALS2"	0.747335074687898	-1.36045369989404	-0.129825258557868	"LGALS2"
"SYNGR1"	-0.239721801613169	0.376865121742996	-0.0384742864277379	"SYNGR1"
"KCNK10"	2.64152525579637	-1.59583670994291	-2.26350383416978	"KCNK10"
"PYGL"	-0.737657649922333	2.25522506235543	-1.63502606723592	"PYGL"
"PIGH"	0.649581871466746	0.570388596454574	-1.16833952320486	"PIGH"
"GALNT16"	-0.50606768459129	-0.0708818754642407	0.486729648810981	"GALNT16"
"HNF4A"	1.69512447000577	-0.482141000342065	-1.68004636885462	"HNF4A"
"TPD52L2"	-0.144752359380827	1.74185090163096	-1.63350455451406	"TPD52L2"
"PTK6"	1.0618141818799	0.972712053699235	-2.51464575128467	"PTK6"
"MYLK2"	-1.8236696537011	-0.457927127260888	1.61739271736023	"MYLK2"
"TLDC2"	2.07431588944492	-0.948524222323297	-1.87327642311934	"TLDC2"
"PAK7"	-0.485712324464136	-0.643762267130032	0.673241229348813	"PAK7"
"PCYT1B"	-0.512519325166301	0.940053216591781	-0.165303836025533	"PCYT1B"
"BEX4"	-0.326749354107685	0.818335671631507	-0.320762057052702	"BEX4"
"MAPK3"	1.0195291299318	0.569667401097533	-1.75268811105746	"MAPK3"
"CBLN1"	-0.348151843250095	-0.105403838358844	0.331311187479447	"CBLN1"
"ESRP2"	1.07050486364562	0.555371684978858	-1.81031425163309	"ESRP2"
"AQP8"	-4.08831151239217	-3.37215280331788	4.43689441184338	"AQP8"
"TMC5"	1.47014892654757	-0.00701261742530941	-1.79517846420633	"TMC5"
"HOMER2"	-0.377911892312	-0.0219279432862447	0.35828895989882	"HOMER2"
"FAM189A1"	-0.875481540376038	0.640870882275828	0.315179643456364	"FAM189A1"
"TUBB4A"	-0.796449385188933	-0.819427161112905	1.02354062831275	"TUBB4A"
"TJP3"	1.78822690645199	-0.433630797592728	-1.86544267197513	"TJP3"
"PTPRS"	-0.679454418029947	1.21965317936342	-0.389167123082691	"PTPRS"
"FAM83E"	1.9528953921187	-0.265249211121508	-2.32169988891884	"FAM83E"
"RUNDC3B"	-0.423277933816858	0.511133030156595	0.0431277542928004	"RUNDC3B"
"CAV1"	-1.78186575004471	3.11306672393004	-1.87349410613859	"CAV1"
"VIPR2"	-1.03750513102418	-0.241019792108202	0.950343891507941	"VIPR2"
"CHN2"	1.15913490064473	-0.189193110296255	-1.16163421162194	"CHN2"
"CYP3A5"	1.90890984336797	-0.587994800547592	-1.91320023289633	"CYP3A5"
"POU6F2"	-0.727536461959975	-0.353184994396712	0.78888017235001	"POU6F2"
"AMBP"	-0.838894815600001	-1.75681197033888	1.51320078951098	"AMBP"
"PIP5K1B"	2.35199630000467	-1.49497878284345	-1.92893482835012	"PIP5K1B"
"SORCS1"	-0.789745078212032	-0.00180415272554806	0.653093897725807	"SORCS1"
"PBLD"	1.61866228017042	-0.767852505170202	-1.36508546942772	"PBLD"
"RAPGEFL1"	1.8683169546614	-0.159361445259239	-2.30568384695201	"RAPGEFL1"
"P2RX1"	-0.530287931174926	-0.440493042085481	0.695397094655082	"P2RX1"
"PPARGC1A"	0.968078786741473	-1.04932342828067	-0.481355783876752	"PPARGC1A"
"SLC1A2"	-1.17853127507509	-0.764463784071254	1.32251453659984	"SLC1A2"
"APOBEC1"	3.47432643189437	-2.0432578184794	-3.17939812380585	"APOBEC1"
"C7"	-0.680656847346224	-0.739648392212672	1.00665027286295	"C7"
"BTNL8"	3.55421664092501	-2.88736669421613	-2.93405280567436	"BTNL8"
"RBP1"	-1.34786925227145	1.95476724274531	-0.662111472931396	"RBP1"
"SERPINI2"	-3.79990084582398	-2.84488805951434	4.04344958428256	"SERPINI2"
"PLXNA1"	-0.992195739442791	2.52852821577647	-1.77228154039939	"PLXNA1"
"GRB14"	-0.462129324495098	0.0517612698796956	0.372621452270258	"GRB14"
"ACADL"	-0.612434193530298	-0.409638115620051	0.718874995588634	"ACADL"
"REG1A"	-2.5680794233386	-2.42182041949888	3.10169130835805	"REG1A"
"MLPH"	1.48173764553528	0.19345421450103	-2.06154387135911	"MLPH"
"SDC1"	0.377828290836067	1.56214727816041	-2.23346477769309	"SDC1"
"ANGPTL1"	-1.32284625198216	-0.0643114761503048	1.10655344240502	"ANGPTL1"
"RHOU"	0.657465684575339	-0.287977419150649	-0.502003636664143	"RHOU"
"C1orf21"	1.06296540793312	-0.190749262661262	-1.04736981809414	"C1orf21"
"NR5A2"	-0.0437248358295572	-1.00280592034019	0.542026426921837	"NR5A2"
"PROX1"	-0.341061261816446	-0.73958958166737	0.699047871736322	"PROX1"
"MARC2"	0.76221253746808	0.0903671959892728	-0.888991888593015	"MARC2"
"AKAP7"	-0.462687371677543	-0.769478225164319	0.818506485381788	"AKAP7"
"SFRP5"	-0.686325449773793	-1.19000196030829	1.19533403881034	"SFRP5"
"KCNJ5"	-1.51296759360891	1.27771002472934	0.202048782768749	"KCNJ5"
"TEX11"	-0.489923632365212	-0.792996503712007	0.749575670514435	"TEX11"
"KIAA0922"	-0.603132874183309	1.23755365895369	-0.462451785394685	"KIAA0922"
"FLT3"	-0.997497793523529	-1.09409028299505	1.33002245135538	"FLT3"
"PLAU"	-0.988169885346219	2.7048733424969	-2.09401109592254	"PLAU"
"ITIH5"	-0.790988112560235	0.00795361179290597	0.680193003978942	"ITIH5"
"DAW1"	-2.1541661331168	5.02995887376655	-3.87624623892024	"DAW1"
"RBPJL"	-3.74796127717549	-3.07680639640331	4.08627100880155	"RBPJL"
"PAIP2B"	-0.486193837123979	0.272530327248368	0.26195828946311	"PAIP2B"
"UNC5CL"	1.22511532219163	-0.810658893955965	-0.8550154981004	"UNC5CL"
"APOBEC2"	-0.910208577507623	-0.969559956979883	1.25020613949841	"APOBEC2"
"EREG"	-1.2301345394468	3.38797619046821	-3.14349728078491	"EREG"
"SDCBP2"	1.45112698405327	0.187952012344035	-1.99570854652212	"SDCBP2"
"KIRREL2"	-0.236847789065695	-0.575104096710137	0.502907896238708	"KIRREL2"
"RHOJ"	-0.479516800529247	0.762766594112511	-0.133650904919087	"RHOJ"
"TSPAN8"	1.85374024350138	-0.759180891493157	-1.69287110444583	"TSPAN8"
"ZNF835"	-0.307138430726676	0.665963016947936	-0.162154233485267	"ZNF835"
"ASPHD2"	1.83262248859208	0.00595939980866244	-2.41174799765501	"ASPHD2"
"BAIAP2L2"	2.25578134947448	-0.743500709419401	-2.32865659987987	"BAIAP2L2"
"ELL3"	2.09658536123957	0.116540758085786	-2.51496045121013	"ELL3"
"CALML4"	1.58084040896053	-0.196755970071073	-1.75335440569027	"CALML4"
"CDO1"	-0.0304693870701452	-0.0515023598288203	0.0461078507596078	"CDO1"
"CBFA2T3"	0.37210395297524	0.0571056073908714	-0.415291517212801	"CBFA2T3"
"GAMT"	-0.403364302181783	0.192338079398702	0.240063977701268	"GAMT"
"PLVAP"	-0.107211343828449	0.573297843083897	-0.32440782625619	"PLVAP"
"COLGALT1"	-0.123928231042695	1.74549426140426	-1.67160878050346	"COLGALT1"
"CRB3"	1.38604502518452	0.00724308951289612	-1.66112615495088	"CRB3"
"OLFM1"	-0.48496430704305	0.081187206645973	0.381898186785676	"OLFM1"
"RGN"	-0.380495702480722	0.233561688625466	0.192317171626759	"RGN"
"ACSS2"	1.31755897513131	0.082086023807483	-1.64402667298703	"ACSS2"
"FMO5"	1.78714714038493	-1.78849019776491	-1.11095201695757	"FMO5"
"NR0B2"	1.35628900212125	-1.49507347183353	-0.772323522061113	"NR0B2"
"RAB25"	1.16872880531423	0.459908191286536	-1.86145684521897	"RAB25"
"ZBED3"	0.0375911307353043	0.48708172977631	-0.391553950162663	"ZBED3"
"SYT6"	-0.742622726813187	-1.04949729755611	0.978883189962129	"SYT6"
"VAV3"	-0.0814426644624093	-0.111805330900466	0.138830093229473	"VAV3"
"ERN2"	2.16366469140731	-0.872638513439409	-2.06281688127727	"ERN2"
"SPX"	-2.7429304284522	-1.3603716689742	2.56783472131757	"SPX"
"PIWIL4"	1.30219259323918	-0.37174382064097	-1.22208745982037	"PIWIL4"
"DTNA"	-0.934046920334711	0.692605468458485	0.301016051527561	"DTNA"
"KLB"	-1.51432794302152	0.0472717567849796	1.11956393307392	"KLB"
"ANXA1"	-0.663266780086503	2.38288549439648	-1.97093146962419	"ANXA1"
"UGT2A3"	1.36328072836423	-1.53295791788647	-0.716805294045404	"UGT2A3"
"AMHR2"	-0.830952939407424	-1.13306208937145	1.07351310966521	"AMHR2"
"KCNK1"	1.28564362828811	0.497090828767045	-2.12149963204975	"KCNK1"
"ABHD17C"	1.59241195599537	0.08542993663305	-2.11246489324609	"ABHD17C"
"KLC4"	1.27622761782171	-0.0623245716842547	-1.43973178271418	"KLC4"
"CLPS"	-4.74646603150723	-4.61931840567825	5.3562565922223	"CLPS"
"RDX"	-0.993671807222339	1.76790414499726	-0.720256542999305	"RDX"
"FXYD2"	-0.933629452276263	-1.09345747104365	1.35935846034981	"FXYD2"
"CUZD1"	-3.45506069955617	-2.39248184132063	3.64832838753016	"CUZD1"
"TACC2"	1.13734048202781	0.0578418802737007	-1.35621059047269	"TACC2"
"EXOC6"	0.856146830781062	0.0735911696844613	-0.990481810790398	"EXOC6"
"AOX1"	-1.07446366642718	-0.0714812764837264	0.936449614165274	"AOX1"
"GUCA1C"	-3.1360054944712	-2.61357234919908	3.28578455629803	"GUCA1C"
"ERP27"	-2.00099822586824	-0.341327882233959	1.70364565301514	"ERP27"
"PDX1"	0.997132424939397	-1.07560124454619	-0.486786467114232	"PDX1"
"GALNT6"	1.75279293096852	-0.345979138449812	-1.89197973231244	"GALNT6"
"SLAIN1"	1.07220290849335	-0.393694673953406	-0.922990707854686	"SLAIN1"
"FITM1"	-0.195304775128879	0.193734358175763	0.069982942554738	"FITM1"
"TSPAN3"	1.21916117855865	0.187819167933946	-1.61315176746635	"TSPAN3"
"SH3GL3"	-0.505267828944705	0.803113132505757	0.000301141881922524	"SH3GL3"
"CTRL"	-2.4860267550359	-2.33679282397382	2.75379452967036	"CTRL"
"IMPA2"	1.13278106175084	-0.338054040002696	-1.02653540642659	"IMPA2"
"SLC16A3"	-0.236943089598949	2.03808513725712	-2.00848737463733	"SLC16A3"
"HUNK"	0.0434951808856253	0.0442672605752906	-0.076836995746654	"HUNK"
"TM4SF5"	2.48716834325501	-1.80291818500271	-1.95746133525512	"TM4SF5"
"MPC2"	0.789896715304281	-0.00373884990020765	-0.852149067955683	"MPC2"
"PVRL4"	0.907965029776734	1.02955675018531	-2.28133930673577	"PVRL4"
"MLK4"	0.697012218383786	-0.104039437385136	-0.667242252379045	"MLK4"
"ETNK2"	-0.908250486254913	1.88281693157771	-0.907313798754363	"ETNK2"
"REG3G"	-4.51223041698924	-4.08914469765689	5.01122017188896	"REG3G"
"CAND2"	-0.355685100150145	0.472666517053755	0.000617271168309919	"CAND2"
"NR1I2"	2.80877686384115	-1.14478258808419	-2.84964257126928	"NR1I2"
"SCD5"	-0.409204765013143	0.461825741744499	0.0490345912870372	"SCD5"
"IQGAP2"	1.33599311376711	-0.946446163747371	-0.914608250539833	"IQGAP2"
"DCDC2"	-0.166442735822624	-1.03340814179257	0.663336416125105	"DCDC2"
"SLC17A4"	-0.549058986633581	-0.965425300088749	0.949895134087314	"SLC17A4"
"CYP39A1"	-0.211842543280112	0.1181708732595	0.110817312325111	"CYP39A1"
"PNLDC1"	-0.427320080795295	-0.220663127815424	0.429981127228138	"PNLDC1"
"VIP"	-2.02502342797112	-0.156853146323148	1.60568845490411	"VIP"
"SDK1"	-0.786751480295225	1.28107438300333	-0.346923529116315	"SDK1"
"TRIM50"	-1.38084861251542	-1.73013785580446	1.74446677189898	"TRIM50"
"CHRNB3"	-1.17553421240605	-0.920101560815823	1.23128701795236	"CHRNB3"
"VLDLR"	-0.560517521884384	1.51492390071587	-0.806974594078386	"VLDLR"
"NTRK2"	-0.713638526046199	-0.0217951133186082	0.637324424583031	"NTRK2"
"A1CF"	0.996014608788481	-1.14791063818727	-0.481219408006458	"A1CF"
"CAPN5"	1.77758167343607	-0.224558791115326	-2.0656913520224	"CAPN5"
"GGTLC1"	-0.00094810760304809	-0.312203148226092	0.083592246254379	"GGTLC1"
"CDH22"	-0.903968785651053	-0.363297332093891	0.968607447194277	"CDH22"
"GPHA2"	-3.06766787945579	-1.68838281981363	2.9565683182048	"GPHA2"
"PDCD4"	0.146837256503963	0.359740083292462	-0.40646239017161	"PDCD4"
"INPP1"	1.25450210338586	0.235619868787914	-1.71236991632851	"INPP1"
"SH2D6"	1.45897961792161	-1.31640170640018	-0.985455399277436	"SH2D6"
"SLC16A12"	-1.70933894312005	1.00158640365437	0.574125967388204	"SLC16A12"
"HHEX"	-0.137372969305457	-0.30002632815819	0.301656187431812	"HHEX"
"CPB1"	-4.47309922026262	-3.40671872289639	4.7104536295315	"CPB1"
"KCNJ16"	-1.17829747728792	-1.06212468592016	1.53526528292554	"KCNJ16"
"CEBPG"	0.984104758578131	0.577666195593916	-1.69733038187247	"CEBPG"
"CHST9"	-1.20362285381189	0.124619488186418	0.908153381471476	"CHST9"
"C16orf74"	-2.32951526863249	3.8943591433325	-2.56892321273831	"C16orf74"
"FAM134B"	1.2401763980603	-0.489160527125334	-1.06012026746693	"FAM134B"
"C4orf19"	1.09686076976806	-0.174471361887308	-1.09848366842914	"C4orf19"
"ACSS1"	1.09472200702982	-0.816696462135779	-0.699559709980247	"ACSS1"
"MCU"	1.26891996897594	0.303023438503231	-1.82238561699619	"MCU"
"ART3"	-0.81904599130943	-1.53755259649588	1.21082544109137	"ART3"
"TMED6"	-0.63586896460234	-0.670968621336765	0.86842966170701	"TMED6"
"ARSE"	1.01358861208254	-0.581967370354769	-0.733098265006502	"ARSE"
"CREB3L1"	1.60525795462508	-0.295180762366567	-1.71437230818348	"CREB3L1"
"SLC30A2"	-1.50195592812511	-1.21059004597419	1.8272145678604	"SLC30A2"
"CPA2"	-4.18631944648464	-3.8526911538766	4.71819742056134	"CPA2"
"SLC45A3"	1.66783441436525	-0.122424901429397	-1.98582345902492	"SLC45A3"
"BTG2"	0.796942639755378	-0.155743387790147	-0.746362539311874	"BTG2"
"LRRC36"	0.699339794881616	-0.683822030513754	-0.39136506765429	"LRRC36"
"TFF1"	3.14347953334542	-1.71098544179539	-2.9526413370753	"TFF1"
"SLC37A1"	1.28161320583203	0.136526671666899	-1.64737952006796	"SLC37A1"
"FGFR4"	1.10288600281627	-1.217085235291	-0.53081345469035	"FGFR4"
"BDH1"	1.51513614211026	0.121058326287245	-1.99490592077491	"BDH1"
"NPHS1"	-0.848014574458878	-0.714113374286889	1.04260063662377	"NPHS1"
"ASRGL1"	0.537729874273621	-0.584756107647378	-0.21816673805913	"ASRGL1"
"CTRC"	-4.43889408989605	-3.61739244524648	4.78429205883036	"CTRC"
"DIRAS3"	0.0242812126134187	0.369189573404032	-0.274053982717721	"DIRAS3"
"HFM1"	-0.404588707935934	0.396316047404623	0.11251363044918	"HFM1"
"C1orf115"	1.16148738590366	-0.224092097845749	-1.14866322455676	"C1orf115"
"PKDCC"	1.49282118379353	-0.756191257753625	-1.21063096625908	"PKDCC"
"HAAO"	0.0969189637225027	0.615239500461475	-0.542680401564334	"HAAO"
"ADCK3"	0.427521199046058	0.145553472069163	-0.543196825185219	"ADCK3"
"NOSTRIN"	0.925349301174937	-0.445021653578943	-0.712592116995628	"NOSTRIN"
"NEURL3"	-0.343164318321097	-0.736963359900879	0.690103026773139	"NEURL3"
"ELF3"	1.47911639007431	-0.0983486107561587	-1.71427924467716	"ELF3"
"CCDC141"	-0.183756127377089	-0.975116878459705	0.537775247933954	"CCDC141"
"IHH"	3.15605997122589	-1.59101852229691	-3.05415302010916	"IHH"
"RYK"	-0.157522021862265	1.62422241740476	-1.42798099829669	"RYK"
"LRRC2"	-0.245189069899056	-0.261852571459228	0.317357829311936	"LRRC2"
"YEATS2"	-0.181400123965491	1.68819792990645	-1.4870258364872	"YEATS2"
"KLF15"	-0.355301173914112	-0.0285765766475714	0.335093500015398	"KLF15"
"MFI2"	-1.13748248731117	2.76789666400504	-2.00626119015458	"MFI2"
"FBXW12"	-0.623138667589924	-0.344746560030051	0.6283001790554	"FBXW12"
"NPY5R"	-0.770035500223548	0.633741560948705	0.252614317113228	"NPY5R"
"KLKB1"	-0.282478045873966	0.0602524706772325	0.197667329104317	"KLKB1"
"ACSL6"	-0.583801948172276	0.036165296655234	0.461124005859422	"ACSL6"
"FREM1"	-0.686467199407952	0.198822945940881	0.470627295898582	"FREM1"
"CLDN2"	1.12720286978408	-1.54181049613356	-0.438572315862143	"CLDN2"
"PHYHIPL"	-0.331968946191999	-0.203088629015941	0.388469595699201	"PHYHIPL"
"CRYL1"	1.35741048058484	-0.0482737313637712	-1.56966855567	"CRYL1"
"PKNOX2"	-0.681431638404419	0.526775671315939	0.238845595790387	"PKNOX2"
"NDRG2"	0.769552956028464	-0.109776775981481	-0.74744352573682	"NDRG2"
"E2F7"	-0.545723952949179	2.7628365658759	-2.70745302264614	"E2F7"
"PPFIBP2"	1.44871111533493	-0.294286477639217	-1.47889039189966	"PPFIBP2"
"RIC3"	-0.735286157227166	0.213283433833357	0.49695488013993	"RIC3"
"ATF7IP2"	1.34692633274432	-0.108150987187336	-1.47972551136763	"ATF7IP2"
"MYO1A"	3.11588160056034	-2.42532312423626	-2.51477994201166	"MYO1A"
"MTMR10"	0.649299957063489	0.37953090337699	-0.996926522039104	"MTMR10"
"LINC00483"	3.9416843076459	-2.22441257404929	-3.72646989005669	"LINC00483"
"PRR15L"	1.58080877915205	-0.491681542801775	-1.50944328801321	"PRR15L"
"CA4"	-0.66309252264162	-2.12476814971744	1.32712701402306	"CA4"
"CYP2S1"	2.74070342108794	-1.3013719228071	-2.62197875742758	"CYP2S1"
"AXL"	-0.800887683638938	2.3750908756209	-1.75841948514176	"AXL"
"TTYH1"	-1.59194930242176	-1.56572858899313	2.04837250018368	"TTYH1"
"GGT6"	0.955040419217283	-0.616817364975482	-0.64776539022353	"GGT6"
"GLYCTK"	1.71613257395046	-0.479050285360211	-1.69388144920714	"GLYCTK"
"PTF1A"	-3.43634452163823	-2.46930194043937	3.53045086165758	"PTF1A"
"DEGS2"	2.28868349908649	-1.58417024385646	-1.79798548251097	"DEGS2"
"CCDC110"	-0.316911637350633	0.985256556144813	-0.339058210701244	"CCDC110"
"CTRB2"	-4.29780359722936	-3.32479935628628	4.57385409483078	"CTRB2"
"KCNAB1"	-0.613484765851923	0.266751166970657	0.36153996406179	"KCNAB1"
"UMOD"	-1.72775906137785	-2.08115818371963	2.01650631425353	"UMOD"
"GP2"	-3.62320235396032	-3.73944444605181	4.28834455502102	"GP2"
"MUC15"	-1.24511043458806	-0.0677412088820235	1.05318951151138	"MUC15"
"GJB1"	1.07980674069826	-0.735631529140286	-0.723712853520032	"GJB1"
"CTNND2"	-0.862303112803388	-0.720643079232996	1.11540320970787	"CTNND2"
"OTUD7A"	-0.095782012700246	0.47064030668642	-0.224069804289995	"OTUD7A"
"MYO7B"	2.24199688386878	-2.26504503357684	-1.48170926227517	"MYO7B"
"MYRIP"	0.000348292943570262	-0.560949181147681	0.248651692797982	"MYRIP"
"SERPINA6"	-1.15299622069275	-1.23871930420324	1.58753210910642	"SERPINA6"
"SMAGP"	1.28023742599936	0.192470213083543	-1.70214865567021	"SMAGP"
"FOXA3"	2.27688799820054	-1.17446578951844	-2.00569306854863	"FOXA3"
"CELP"	-3.50813781809392	-2.28335048529827	3.52518087961279	"CELP"
"CEL"	-4.2497487422555	-3.27873731330657	4.52503555334134	"CEL"
"PLA2G1B"	-4.32104616160869	-3.84644774843668	4.80135892206378	"PLA2G1B"
"PDGFD"	-0.349807954443165	0.0706478019141843	0.274296259889705	"PDGFD"
"GIMAP8"	-0.537029158989086	0.653363097467688	0.0124400009226315	"GIMAP8"
"FUT3"	1.29484825966852	0.429460114626312	-2.04274517366371	"FUT3"
"KCNK3"	-1.00943315762825	0.0095105892001778	0.842786666109037	"KCNK3"
"ANO5"	0.746015070978267	-0.467354488920387	-0.520115166344732	"ANO5"
"LGALS4"	2.26184151705282	-1.07619059545638	-2.05412657162975	"LGALS4"
"PAH"	-1.02139702440555	-2.28709943660627	1.75017113296233	"PAH"
"GATM"	-0.0509032385226755	-1.30568089128919	0.672180085005508	"GATM"
"REG3A"	-4.89650920835402	-3.18555745649786	4.80212935375581	"REG3A"
"REG1B"	-3.84938525093591	-3.14003292453678	4.22654515771461	"REG1B"
"B3GALT1"	0.206169136408969	0.545878305444663	-0.437537197196529	"B3GALT1"
"PDZD3"	2.70325580227257	-1.63443424297923	-2.32912675409796	"PDZD3"
"SNTG2"	-0.896969243724528	-0.234940165440764	0.804384798728481	"SNTG2"
"MIR4435-1HG"	-0.130064324676639	1.72970682078455	-1.62190662962345	"MIR4435-1HG"
"ADCY5"	-0.718228498307927	-0.186734431936736	0.739236440096586	"ADCY5"
"AGR3"	2.17797176452401	-0.58417584857125	-2.3489151619983	"AGR3"
"TRAM1L1"	-0.379935006491158	1.47621633790877	-0.821079537829268	"TRAM1L1"
"SLC29A2"	1.36089668508915	0.0408827227428671	-1.66073758919832	"SLC29A2"
"BRSK2"	-1.11069168941345	0.0729768457122821	0.86464742593708	"BRSK2"
"MARCKSL1"	1.37509984514022	-0.0141996477463684	-1.63859169223701	"MARCKSL1"
"ANKS4B"	2.5313136267569	-1.55420694257756	-2.13928421660241	"ANKS4B"
"PNLIP"	-4.66671193055825	-3.81984527880704	5.00846377091633	"PNLIP"
"KCNE3"	2.37387013669748	-1.21633517063694	-2.11534733083022	"KCNE3"
"GPX2"	2.01044210411336	-1.38180962934951	-1.52496859388954	"GPX2"
"LPCAT4"	1.60961779468425	0.0756542774018806	-2.1375362710618	"LPCAT4"
"PRR15"	1.5144148371619	0.119848736106555	-2.00389211893514	"PRR15"
"GNG7"	-0.368612350725086	0.10368654907092	0.266682811321338	"GNG7"
"ERICH5"	0.426541983210234	-1.03560564703078	0.0936454858341909	"ERICH5"
"MBOAT4"	-0.89702095352492	-0.427791101880723	0.967113089099541	"MBOAT4"
"AP3S1"	0.0192702101374693	1.51054568420468	-1.5073265113181	"AP3S1"
"ERBB4"	-0.477657897791947	0.091303512521402	0.340578258826514	"ERBB4"
"GPR35"	1.5870385807949	-0.0422870596298955	-1.94201797901413	"GPR35"
"TMEM52"	-0.668176185061648	-0.758679995001138	0.922507428730835	"TMEM52"
"GIMAP7"	-0.484430897297069	0.282871066896744	0.245446111258402	"GIMAP7"
"SYCN"	-4.15901039307622	-3.57925309574094	4.58789224627141	"SYCN"
"TDRP"	-0.263840008537299	0.650888224297471	-0.2257528768562	"TDRP"
"DIP2C-AS1"	1.03394290900211	-0.487656463424377	-0.828243693142256	"DIP2C-AS1"
"BHLHA15"	-2.13004879880863	-0.952705977619829	2.08001333157919	"BHLHA15"
"NQO1"	1.31631357221744	0.170911056435968	-1.74893782265181	"NQO1"
"TMEM132C"	-0.0636234669235756	-0.842518049625181	0.432137785000866	"TMEM132C"
"UBE2E2"	-0.47780125785573	1.86043239775042	-1.340234051999	"UBE2E2"
"CAMK1D"	-0.89749714005827	1.53731149680053	-0.530919056641823	"CAMK1D"
"CALN1"	-0.910733363469517	-1.39301403883287	1.27820830352385	"CALN1"
"EPHA10"	1.85513736426845	-0.636861365939224	-1.77869774143307	"EPHA10"
"FAM3B"	1.25118002638536	-1.24303658935033	-0.688318744097264	"FAM3B"
"PCDH9"	-0.650463867716744	0.627435766913745	0.137244554660415	"PCDH9"
"C8orf12"	-1.19581431307018	-0.912209887654913	1.24081019545484	"C8orf12"
"AQP12A"	-1.83560156555946	-2.01765629823281	2.11354491213996	"AQP12A"
"F8"	-0.580416431768889	1.45249779574077	-0.692711062620038	"F8"
"FLRT2"	-1.04868856988322	0.0469690908706286	0.846988541372356	"FLRT2"
"AQP12B"	-2.13906014874102	-2.17029146227109	2.45613685984805	"AQP12B"
"MUC1"	1.57898222951677	0.146779924931966	-2.18241412740661	"MUC1"
"SV2B"	-1.02146217305762	-0.606046982996349	1.1887965548358	"SV2B"
"ADARB2"	-0.896629819071179	-0.578446714496752	1.01561873952863	"ADARB2"
"NAT8L"	-1.00794900097598	0.253705957155542	0.686553933302381	"NAT8L"
"BICD2"	-0.567924470650274	1.79517048343054	-1.15962302099133	"BICD2"
"NAP1L2"	-0.527696052366445	0.421786238379172	0.185108870704414	"NAP1L2"
"KRT14"	-4.23818863981626	6.0825881525166	-4.80754490142929	"KRT14"
"EMID1"	-0.188606294529321	0.386727010830814	-0.0900811846825302	"EMID1"
"PNLIPRP1"	-4.03245112744831	-3.42081865148356	4.44884504496068	"PNLIPRP1"
"CTD-2600O9.1"	-0.50920149955417	0.389029426631566	0.200255068637073	"CTD-2600O9.1"
"TMEM72"	-0.982856112844315	-1.13489905459244	1.21306118884661	"TMEM72"
"SLC38A3"	-1.02796337279484	-1.27208663328385	1.47320730184751	"SLC38A3"
"SERPINA5"	-0.872988537792097	0.0143531790780731	0.738348118012649	"SERPINA5"
"BCL2L15"	1.37499467296028	-0.0118389281507202	-1.63012495812603	"BCL2L15"
"C9orf152"	2.19717968425012	-1.64623280550812	-1.65154259797645	"C9orf152"
"LRRC66"	2.74193566781808	-1.50367485338561	-2.4574567609695	"LRRC66"
"FHIT"	1.06639036795894	-0.274344326861305	-0.988406001838661	"FHIT"
"FAM150B"	-1.35813616913996	-1.47517008921569	1.78639741504876	"FAM150B"
"ZNF676"	-0.371477326156456	0.727833104291212	-0.111648724359299	"ZNF676"
"ESRRG"	-0.342936436918964	-0.0752805056584005	0.338242794186319	"ESRRG"
"ANXA4"	0.659089728903964	-0.105217156314757	-0.622142045179656	"ANXA4"
"SRC"	0.952382055582995	0.647209664745535	-1.74476482517498	"SRC"
"ACSL5"	1.57386711027054	-0.0605475960709063	-1.90528098097197	"ACSL5"
"FAM110D"	-0.378379347469208	0.381023449470315	0.0897318403653144	"FAM110D"
"ZNF98"	-0.822235541969999	0.22038000323191	0.527268124447691	"ZNF98"
"ELOVL2"	-0.356486259154162	0.686129306368696	-0.143313387454822	"ELOVL2"
"SH3BGRL2"	1.13861460780812	-0.193527156825718	-1.14271668707023	"SH3BGRL2"
"EPS8L3"	2.22536787831699	-0.787310193653187	-2.23691770686101	"EPS8L3"
"ZFP2"	0.183642035458741	0.760615249342328	-0.672042875446704	"ZFP2"
"RNU6-776P"	-1.83568598630508	-1.47352590703011	1.90730814081103	"RNU6-776P"
"RNU6-1022P"	-0.954447616191758	-0.737086487280584	0.98752052907103	"RNU6-1022P"
"CAPN8"	2.3152497188292	-0.715646496993011	-2.46568537681576	"CAPN8"
"NAP1L6"	-0.133624294520227	0.23798590336281	-0.00849381346196631	"NAP1L6"
"C2orf72"	1.18352377963855	-1.51306858987937	-0.528135592734272	"C2orf72"
"TCEA3"	1.0265123915519	-0.268315007634608	-0.943879069850481	"TCEA3"
"SLC44A4"	1.6786176559419	-0.381355082213159	-1.74667740962275	"SLC44A4"
"TRIM15"	2.35424505152668	-0.667504795326836	-2.56697164455064	"TRIM15"
"TRIM10"	2.23669427268874	-0.446731193466487	-2.368394738968	"TRIM10"
"TRIM31"	2.32257054515029	-1.1571626167211	-2.08492886982775	"TRIM31"
"REG1P"	-3.9766788803679	-2.70496155325414	4.0816270467327	"REG1P"
"AC021218.2"	2.99907411588753	-1.16675265263192	-3.09764133640262	"AC021218.2"
"PRSS1"	-3.95370720615576	-3.64454524886216	4.49154374159117	"PRSS1"
"SPIRE2"	2.19290188267611	-0.662055467263635	-2.30005149096479	"SPIRE2"
"MT1H"	-0.385739299342428	0.404707451467012	0.109505054077202	"MT1H"
"RP11-497E19.1"	-0.482802826305413	0.791109628369853	-0.0575432204668526	"RP11-497E19.1"
"CYS1"	-0.416297223072892	0.147006439953235	0.281201803145563	"CYS1"
"C21orf62"	-0.869926498507772	-1.36428545585988	1.30392252364097	"C21orf62"
"GIMAP1"	-0.378769588153643	0.486320325007152	0.00888351727680872	"GIMAP1"
"LINC00671"	-1.23844201031214	-1.69743057795432	1.67239339173363	"LINC00671"
"KRT222"	-0.391972702019025	0.444541088318719	0.066016608279148	"KRT222"
"COLCA2"	1.49897110062996	-0.483936552601191	-1.39417020569773	"COLCA2"
"TMED11P"	-3.72220607253796	-2.77032157129607	3.82761385487046	"TMED11P"
"CELA2B"	-4.0034701666583	-3.59497537541173	4.48812991348189	"CELA2B"
"RP1-152L7.5"	1.2055008322308	0.00139474121199865	-1.34388902820539	"RP1-152L7.5"
"AC131097.4"	-2.51940133244341	-2.232102655007	2.7395025514036	"AC131097.4"
"AC112721.1"	-0.537080182910265	3.50721437018727	-2.33252110275691	"AC112721.1"
"LINC00152"	-0.489955556166658	2.17450637505785	-1.81806543466695	"LINC00152"
"AC004009.3"	3.09362599982761	-0.132749270124409	-3.28880366731132	"AC004009.3"
"RP1-148H17.1"	-0.603623152236398	-0.540278001586327	0.65118231045398	"RP1-148H17.1"
"AC011754.1"	-1.46172521612407	-0.878844892938773	1.42435520982813	"AC011754.1"
"LINC00864"	-0.445670691600997	-0.536582619967774	0.522848168611632	"LINC00864"
"RP11-392O17.1"	-2.64355742865196	-1.50350739542274	2.57756331935316	"RP11-392O17.1"
"AC005152.3"	-1.21153328652976	-1.03563865210534	1.34569408516563	"AC005152.3"
"AC147651.5"	-0.59645841727946	-0.999348253179	0.812356911704305	"AC147651.5"
"NPM1P25"	1.80807998835731	-0.891783017911187	-1.54708463604201	"NPM1P25"
"AC007349.4"	-0.968878808731939	-0.51865855699639	0.938755322546131	"AC007349.4"
"AC007879.7"	-0.550543300855272	3.04503143287905	-2.15531081161088	"AC007879.7"
"MIR194-2"	2.78305324608443	-1.59948020498413	-2.46612695512666	"MIR194-2"
"AC013275.2"	-0.785790524009489	-0.66331817331732	1.04368424239415	"AC013275.2"
"LINC01354"	-0.0596146916711854	0.544560767658964	-0.225358730986242	"LINC01354"
"RP11-400N13.3"	-0.81027827019994	3.23264655011616	-2.85828359467165	"RP11-400N13.3"
"GAPDHP74"	-0.743337531784531	-0.341738013494473	0.691032352219031	"GAPDHP74"
"AF127936.3"	-0.870276485331577	-0.132746601348277	0.724305903133027	"AF127936.3"
"GS1-421I3.2"	-0.753933932087861	-0.924138126659371	0.925162769114023	"GS1-421I3.2"
"RP11-465N4.4"	1.65740207958613	0.180784572664859	-2.05582686835796	"RP11-465N4.4"
"NEURL1-AS1"	-0.377999983720654	-0.441364003922741	0.438657029020006	"NEURL1-AS1"
"AC078941.1"	-0.614899333512608	-1.57722202617913	1.09661524403962	"AC078941.1"
"SHISA9"	-0.322070375136962	-0.346124211692261	0.378901079094479	"SHISA9"
"GSTA7P"	-0.54646700958506	-0.523161726009653	0.599579837729788	"GSTA7P"
"RP11-815M8.1"	-0.179716929518535	3.3897815555406	-3.34777634090615	"RP11-815M8.1"
"RP11-12A2.3"	-0.924869830331324	-0.498305645825837	0.895673304757112	"RP11-12A2.3"
"GATS"	-0.462819592339958	0.355562135970102	0.175927609787975	"GATS"
"RP11-680B3.2"	-3.24677943371422	-2.24675139278841	3.36534424990089	"RP11-680B3.2"
"AQP1"	-0.458016472810664	-0.0374363971063305	0.438351625266393	"AQP1"
"HNF1A-AS1"	1.56585924123746	-1.30203313437383	-1.06010781844209	"HNF1A-AS1"
"HOGA1"	-0.461611095579266	-1.21484789584262	0.933764016333566	"HOGA1"
"RP11-413E6.1"	-0.108432208587617	0.688380924200027	-0.283242905363846	"RP11-413E6.1"
"AMY2A"	-3.63530142891894	-3.5126319956849	4.21720100099821	"AMY2A"
"GSTA2"	-1.55789056858597	-2.20235532768894	2.11316334783781	"GSTA2"
"CEBPA"	1.22950349532401	-0.749061476531436	-0.90800077701099	"CEBPA"
"PDX1-AS1"	2.11764428790799	-0.528684152254352	-1.94776298583838	"PDX1-AS1"
"USP51"	-0.516322439375352	0.826404246004087	-0.12034889230441	"USP51"
"RP11-206P5.2"	-0.631775948842393	-1.50612451676028	0.970034093561611	"RP11-206P5.2"
"RP11-664D7.4"	-0.645789768353153	-0.458441187510115	0.665777489893027	"RP11-664D7.4"
"PRSS3P1"	-2.94763782584659	-3.99373309893102	3.54222216251604	"PRSS3P1"
"F11-AS1"	-0.393643987117315	-0.320811247193184	0.447626582077854	"F11-AS1"
"RP11-675F6.3"	-0.546747034178196	0.699418522973017	0.0833750573374091	"RP11-675F6.3"
"RP11-728F11.4"	-0.276778144493762	-0.328465169554326	0.362457916670717	"RP11-728F11.4"
"AF186192.1"	0.0693668964805398	0.0693424929763845	-0.101544583580511	"AF186192.1"
"OMP"	2.37975598971731	-0.142180494792005	-2.28175628322365	"OMP"
"AF131216.5"	-2.33513713386042	-2.0636277139302	2.50780626745547	"AF131216.5"
"RP11-680E19.2"	-0.709647017366195	-0.363244519545639	0.700775616992137	"RP11-680E19.2"
"AF186192.5"	-0.304468140741947	0.311367946806977	0.0868142364715033	"AF186192.5"
"AF131215.2"	1.29354378071164	-0.388186927469796	-1.17392920239343	"AF131215.2"
"RP11-867G23.8"	2.11176261076298	-0.903656769082494	-1.926724823244	"RP11-867G23.8"
"ABCC6P1"	1.86885933218446	-0.913832700242096	-1.58707591675062	"ABCC6P1"
"RP11-320N7.2"	-2.47246405119934	0.297796807058281	1.46473734363856	"RP11-320N7.2"
"RP11-404P21.3"	-0.466908050034802	-0.353684289598261	0.530653652974946	"RP11-404P21.3"
"RP11-617F23.1"	-0.433456799092902	0.791011618113181	-0.178593107594735	"RP11-617F23.1"
"RP11-798K3.2"	-0.426560590848309	-1.01878794482064	0.660595478750745	"RP11-798K3.2"
"RP11-327J17.2"	-0.143917113838124	0.0655600614452401	0.0770232204095822	"RP11-327J17.2"
"LINC01314"	-0.103836864832028	-0.967875352774545	0.480988692358385	"LINC01314"
"CTC-378H22.2"	-0.693975055821162	0.444233083167312	0.311133076372347	"CTC-378H22.2"
"LINC00543"	1.03229731027802	-0.732079319230864	-0.726457387670949	"LINC00543"
"RP11-161M6.2"	0.643207096552706	-1.31345197278222	-0.0444791614356877	"RP11-161M6.2"
"RP11-352D13.6"	-0.1106611822267	-0.308470518010711	0.179586517105489	"RP11-352D13.6"
"RP11-223I10.1"	1.03201300356581	-1.40401450218289	-0.603762701428749	"RP11-223I10.1"
"RP11-353N14.4"	2.61422550811341	-0.511250225819496	-2.88239301985659	"RP11-353N14.4"
"TMEM238L"	3.5049533643095	-3.36481798172281	-2.81206503335422	"TMEM238L"
"AF186192.6"	-0.0939893879409122	0.451638743928168	-0.12781839225947	"AF186192.6"
"MIR3131"	3.40202569201257	-0.383269859551026	-3.38811202100364	"MIR3131"
"ANXA8"	-2.00078488311301	3.66775802295701	-2.54855809124088	"ANXA8"
"PNLIPRP2"	-5.17456382659622	-3.24453766147329	4.94802832965894	"PNLIPRP2"
"RP11-35G9.3"	0.223290353714531	0.779259866207245	-0.728704838449876	"RP11-35G9.3"
"CEBPA-AS1"	2.00420819599049	-0.918475360416741	-1.7762767117021	"CEBPA-AS1"
"RP11-703I16.1"	1.30557429566976	-0.152470784832129	-1.27144258792978	"RP11-703I16.1"
"RP11-420K14.2"	-1.69932098058475	-0.78367770796332	1.63245642930265	"RP11-420K14.2"
"RP11-678G14.3"	-1.02165942641022	-1.16842166455378	1.28334502695489	"RP11-678G14.3"
"AC011513.4"	2.88021109359755	-0.340628456210026	-2.81103998089328	"AC011513.4"
"AF131215.9"	1.39078957450597	-0.615823287980256	-1.18439137945325	"AF131215.9"
"RASL10B"	-0.754948391194184	0.863974425261536	0.0386987986538296	"RASL10B"
"AC025811.3"	-0.823896590234775	-0.918764840872993	0.943903746549149	"AC025811.3"
"RP5-1057J7.7"	1.46495974822932	-0.402716251861931	-1.2841627606948	"RP5-1057J7.7"
"RP11-254F7.3"	-0.297129567409621	0.257193246683763	0.111765510838374	"RP11-254F7.3"
"RP11-354K4.2"	-0.791188327030575	-0.6869419609087	0.845813370091258	"RP11-354K4.2"
"FGF14-AS2"	-0.0159149253057337	0.86858982453911	-0.563909831085476	"FGF14-AS2"
"RP13-714J12.1"	-0.30538006866249	-0.493972771518733	0.458350817073063	"RP13-714J12.1"
"RP11-54H7.4"	-2.85340489358447	3.7464975931186	-2.04248033491955	"RP11-54H7.4"
"RP11-569G13.3"	-0.784795155302984	-1.06448244920903	1.05826603755123	"RP11-569G13.3"
"ARHGAP23"	-0.912543355983662	2.46792463832895	-1.76408779160659	"ARHGAP23"
"PRSS2"	-2.49372217005615	-3.15185410033154	3.2636325748593	"PRSS2"
"DUSP14"	-0.242309498693291	1.86221555674522	-1.64074497172542	"DUSP14"
"RP11-95I16.6"	4.34128768448151	-4.39078192804915	-3.71762576330945	"RP11-95I16.6"
"CTD-2196E14.8"	2.87287989156398	-0.795289263819227	-2.92532613725364	"CTD-2196E14.8"
"RP11-697K23.3"	1.51348075968676	-0.946724794675852	-1.18887002210255	"RP11-697K23.3"
"RP11-132F7.2"	2.30271353418597	-0.413933032827641	-2.35992872450534	"RP11-132F7.2"
"AC093642.1"	-0.459716235418258	0.359050615485531	0.190769355258537	"AC093642.1"
"RP1-47M23.3"	-0.283655859160214	0.25468054084056	0.0917147584257738	"RP1-47M23.3"
